count,IP
153,143.110.222.166
143,77.68.98.209
127,80.211.51.121
127,54.36.102.11
127,182.16.248.237
127,173.255.250.5
127,148.228.254.66
127,122.154.241.234
127,103.212.211.12
127,103.102.235.21
112,81.109.204.64
58,83.97.73.89
45,94.127.215.194
45,8.210.152.4
45,211.210.79.220
45,207.154.208.19
45,20.67.248.233
45,197.248.17.138
45,165.154.132.11
45,107.172.157.133
42,147.182.238.62
39,139.162.7.59
30,46.249.58.151
25,109.237.98.226
20,109.237.97.180
17,204.101.161.19
15,179.43.177.244
12,3.85.224.210
12,159.223.126.127
11,141.98.11.41
11,139.59.183.1
11,138.197.138.244
9,45.79.181.223
9,45.79.181.104
9,35.216.229.26
8,45.128.232.62
8,172.105.128.12
8,172.105.128.11
7,192.155.90.118
7,118.193.58.234
6,45.79.181.94
6,45.79.181.251
6,205.185.127.30
6,194.169.217.187
6,194.169.217.182
6,194.169.217.177
5,194.180.48.85
5,194.169.217.173
5,194.169.217.158
5,192.155.90.220
5,172.104.11.4
5,152.32.144.44
4,94.102.61.10
4,52.162.218.19
4,45.86.202.217
4,45.79.172.21
4,212.71.238.147
4,194.169.217.199
4,194.169.217.192
4,194.169.217.169
4,194.169.217.163
4,194.169.217.159
4,172.105.128.13
4,167.94.146.58
4,167.248.133.185
4,162.142.125.225
4,154.209.125.74
4,103.110.32.156
3,74.82.47.5
3,74.82.47.4
3,65.49.20.68
3,64.42.176.106
3,45.79.181.179
3,45.55.193.161
3,24.199.98.33
3,207.102.138.19
3,194.169.217.205
3,194.169.217.197
3,194.169.217.196
3,194.169.217.195
3,194.169.217.180
3,194.169.217.179
3,194.169.217.175
3,194.169.217.170
3,194.169.217.168
3,194.169.217.165
3,194.169.217.157
3,194.169.217.156
3,185.225.74.229
3,18.167.84.194
3,162.142.125.217
3,146.190.41.214
3,141.98.6.137
3,103.43.19.95
2,95.214.26.104
2,90.151.171.108
2,84.54.50.144
2,80.94.92.24
2,79.110.49.5
2,66.175.213.4
2,58.39.105.52
2,51.158.37.186
2,45.79.128.205
2,45.77.105.237
2,43.198.31.120
2,35.195.93.98
2,34.77.127.183
2,23.251.102.74
2,209.38.202.190
2,209.141.49.169
2,209.141.34.187
2,198.199.98.28
2,194.169.217.203
2,194.169.217.193
2,194.169.217.191
2,194.169.217.188
2,194.169.217.185
2,194.169.217.181
2,194.169.217.176
2,194.169.217.172
2,194.169.217.167
2,194.169.217.166
2,194.169.217.164
2,194.169.217.161
2,194.169.217.160
2,193.35.18.52
2,193.35.18.102
2,185.78.164.71
2,185.180.143.189
2,185.180.143.188
2,185.11.61.58
2,185.100.87.136
2,178.128.152.119
2,172.104.242.173
2,172.104.11.51
2,172.104.11.34
2,169.197.140.151
2,128.199.77.96
2,121.188.88.70
2,118.193.57.165
2,118.193.36.232
2,117.202.220.13
1,99.238.244.219
1,94.239.182.121
1,94.102.61.80
1,92.137.223.70
1,91.241.31.66
1,91.228.64.59
1,89.71.160.173
1,88.80.242.177
1,87.236.176.91
1,87.236.176.17
1,87.236.176.14
1,87.236.176.118
1,85.239.230.230
1,85.122.144.136
1,82.165.237.160
1,79.27.84.96
1,74.208.188.149
1,66.240.236.116
1,65.154.226.168
1,64.62.197.90
1,64.62.197.89
1,64.62.197.86
1,62.201.89.251
1,57.128.171.214
1,54.245.199.19
1,51.254.59.113
1,5.196.7.11
1,5.188.210.227
1,46.232.51.34
1,45.86.202.216
1,45.8.22.61
1,45.76.251.172
1,45.33.80.243
1,45.155.204.17
1,45.143.201.62
1,45.14.109.203
1,45.135.232.28
1,45.135.232.17
1,45.134.144.212
1,45.128.232.71
1,45.128.232.249
1,45.128.232.181
1,43.198.71.172
1,43.133.11.82
1,43.128.227.146
1,4.255.227.171
1,38.150.15.231
1,38.106.120.102
1,37.235.138.6
1,36.231.65.78
1,36.231.107.32
1,36.225.134.184
1,35.216.216.100
1,35.203.211.39
1,35.203.211.234
1,35.203.211.186
1,34.76.96.55
1,34.76.158.233
1,34.72.101.16
1,31.220.1.83
1,23.90.160.146
1,223.136.66.89
1,216.247.168.195
1,208.115.223.111
1,205.210.31.99
1,205.210.31.95
1,205.210.31.93
1,205.210.31.82
1,205.210.31.77
1,205.210.31.33
1,205.210.31.255
1,205.210.31.205
1,205.210.31.200
1,205.210.31.196
1,205.210.31.142
1,202.4.110.130
1,202.162.196.59
1,202.14.121.118
1,20.127.220.249
1,2.181.133.188
1,198.235.24.52
1,198.235.24.243
1,198.235.24.239
1,198.235.24.22
1,198.235.24.182
1,198.235.24.153
1,198.199.115.37
1,198.199.113.242
1,198.199.105.162
1,194.87.151.102
1,194.26.135.118
1,194.180.48.84
1,194.169.217.204
1,194.169.217.202
1,194.169.217.201
1,194.169.217.200
1,194.169.217.198
1,194.169.217.190
1,194.169.217.186
1,194.169.217.184
1,194.169.217.183
1,194.169.217.178
1,194.169.217.174
1,194.169.217.171
1,193.35.18.66
1,192.241.200.47
1,192.241.200.33
1,192.241.198.19
1,192.241.193.98
1,192.241.145.54
1,192.155.88.231
1,191.97.5.123
1,188.166.87.67
1,187.131.107.173
1,186.209.37.149
1,185.233.19.11
1,185.224.128.114
1,185.192.71.117
1,185.189.182.234
1,185.180.143.79
1,185.180.143.7
1,185.180.143.6
1,185.180.143.50
1,185.180.143.49
1,185.170.144.3
1,181.47.41.245
1,180.149.125.170
1,180.149.125.168
1,180.149.125.166
1,18.166.70.25
1,178.254.34.45
1,174.138.61.44
1,173.234.24.2
1,173.16.114.215
1,172.105.89.161
1,172.105.77.209
1,172.104.11.46
1,169.136.87.185
1,167.172.49.185
1,165.22.226.133
1,165.154.6.57
1,164.92.215.53
1,162.243.151.38
1,162.243.144.26
1,162.243.144.22
1,162.243.142.27
1,162.216.150.233
1,162.216.150.111
1,162.216.149.93
1,162.216.149.42
1,162.216.149.28
1,161.35.45.19
1,159.223.129.59
1,159.203.208.21
1,158.101.146.249
1,156.146.62.210
1,152.32.175.247
1,152.32.129.70
1,151.247.174.247
1,151.243.33.220
1,151.241.228.241
1,147.78.177.82
1,147.189.137.233
1,138.68.208.11
1,138.68.13.52
1,137.184.74.35
1,137.175.51.224
1,134.209.127.233
1,128.14.141.34
1,128.14.133.58
1,117.235.89.224
1,117.220.191.97
1,114.29.236.227
1,111.94.225.193
1,109.207.200.42
1,109.205.213.109
1,109.205.213.105
1,107.170.253.38
1,107.170.253.10
1,107.170.251.5
1,107.170.250.22
1,107.170.249.12
1,107.170.245.10
1,107.170.244.25
1,107.170.240.30
1,107.170.234.10
1,107.170.233.18
1,107.170.228.20
1,104.192.225.98
1,104.156.252.114
1,104.152.52.225
1,103.82.22.249
1,103.41.27.16
1,103.187.137.83
1,103.178.229.175
1,103.118.30.122
1,103.116.53.117
1,102.216.84.134
